{
    "links": {
        "next": null,
        "previous": null,
        "self": "http://example.com/identity/v3/OS-FEDERATION/mappings"
    },
    "mappings": [
        {
            "id": "ACME",
            "links": {
                "self": "http://example.com/identity/v3/OS-FEDERATION/mappings/ACME"
            },
            "rules": [
                {
                    "local": [
                        {
                            "user": {
                                "name": "{0}"
                            }
                        },
                        {
                            "group": {
                                "id": "0cd5e9"
                            }
                        }
                    ],
                    "remote": [
                        {
                            "type": "UserName"
                        },
                        {
                            "type": "orgPersonType",
                            "any_one_of": [
                                "Contractor",
                                "SubContractor"
                            ]
                        }
                    ]
                }
            ]
        }
    ]
}