{
    "projects": [
        {
            "domain_id": "37ef61",
            "enabled": true,
            "id": "12d706",
            "links": {
                "self": "http://example.com/identity/v3/projects/12d706"
            },
            "name": "a project name"
        },
        {
            "domain_id": "37ef61",
            "enabled": true,
            "id": "9ca0eb",
            "links": {
                "self": "http://example.com/identity/v3/projects/9ca0eb"
            },
            "name": "another project"
        }
    ],
    "links": {
        "self": "http://example.com/identity/v3/OS-FEDERATION/projects",
        "previous": null,
        "next": null
    }
}