{
    "trusts": [
        {
            "id": "1ff900",
            "expires_at": "2013-02-27T18:30:59.999999Z",
            "impersonation": true,
            "links": {
                "self": "http://example.com/identity/v3/OS-TRUST/trusts/1ff900"
            },
            "project_id": "0f1233",
            "trustee_user_id": "86c0d5",
            "trustor_user_id": "a0fdfd"
        },
        {
            "id": "f4513a",
            "impersonation": false,
            "links": {
                "self": "http://example.com/identity/v3/OS-TRUST/trusts/f45513a"
            },
            "project_id": "0f1233",
            "trustee_user_id": "86c0d5",
            "trustor_user_id": "3cd2ce"
        }
    ]
}
