{
    "trust": {
        "expires_at": "2013-02-27T18:30:59.999999Z",
        "id": "1ff900",
        "impersonation": true,
        "redelegation_count": 10,
        "links": {
            "self": "http://example.com/identity/v3/OS-TRUST/trusts/1ff900"
        },
        "project_id": "ddef321",
        "remaining_uses": null,
        "roles": [
            {
                "id": "ed7b78",
                "links": {
                    "self": "http://example.com/identity/v3/roles/ed7b78"
                },
                "name": "member"
            }
        ],
        "roles_links": {
            "next": null,
            "previous": null,
            "self": "http://example.com/identity/v3/OS-TRUST/trusts/1ff900/roles"
        },
        "trustee_user_id": "86c0d5",
        "trustor_user_id": "a0fdfd"
    }
}
