{
    "token": {
        "methods": [
            "password"
        ],
        "expires_at": "2015-11-06T15:32:17.893769Z",
        "user": {
            "domain": {
                "id": "default",
                "name": "Default"
            },
            "id": "423f19a4ac1e4f48bbb4180756e6eb6c",
            "name": "admin",
            "password_expires_at": null
        },
        "audit_ids": [
            "ZzZwkUflQfygX7pdYDBCQQ"
        ],
        "issued_at": "2015-11-06T14:32:17.893797Z"
    }
}
