{
    "token": {
        "methods": [
            "password"
        ],
        "expires_at": "2015-11-09T01:42:57.527363Z",
        "user": {
            "domain": {
                "id": "default",
                "name": "Default"
            },
            "id": "ee4dfb6e5540447cb3741905149d9b6e",
            "name": "admin",
            "password_expires_at": null
        },
        "audit_ids": [
            "lC2Wj1jbQe-dLjLyOx4qPQ"
        ],
        "issued_at": "2015-11-09T00:42:57.527404Z"
    }
}
