{
    "credentials": [
        {
            "user_id": "bb5476fd12884539b41d5a88f838d773",
            "links": {
                "self": "http://example.com/identity/v3/credentials/207e9b76935efc03804d3dd6ab52d22e9b22a0711e4ada4ff8b76165a07311d7"
            },
            "blob": "{\"access\": \"a42a27755ce6442596b049bd7dd8a563\", \"secret\": \"71faf1d40bb24c82b479b1c6fbbd9f0c\", \"trust_id\": null}",
            "project_id": "6e01855f345f4c59812999b5e459137d",
            "type": "ec2",
            "id": "207e9b76935efc03804d3dd6ab52d22e9b22a0711e4ada4ff8b76165a07311d7"
        },
        {
            "user_id": "6f556708d04b4ea6bc72d7df2296b71a",
            "links": {
                "self": "http://example.com/identity/v3/credentials/2441494e52ab6d594a34d74586075cb299489bdd1e9389e3ab06467a4f460609"
            },
            "blob": "{\"access\": \"7da79ff0aa364e1396f067e352b9b79a\", \"secret\": \"7a18d68ba8834b799d396f3ff6f1e98c\", \"trust_id\": null}",
            "project_id": "1a1d14690f3c4ec5bf5f321c5fde3c16",
            "type": "ec2",
            "id": "2441494e52ab6d594a34d74586075cb299489bdd1e9389e3ab06467a4f460609"
        },
        {
            "user_id": "c14107e65d5c4a7f8894fc4b3fc209ff",
            "links": {
                "self": "http://example.com/identity/v3/credentials/3397b204b5f04c495bcdc8f34c8a39996f280f9172658241873e15f070ec79d7"
            },
            "blob": "{\"access\": \"db9c58a558534a10a070110de4f9f20c\", \"secret\": \"973e790b88db447ba6f93bca02bc745b\", \"trust_id\": null}",
            "project_id": "7396e43183db40dcbf40dd727637b548",
            "type": "ec2",
            "id": "3397b204b5f04c495bcdc8f34c8a39996f280f9172658241873e15f070ec79d7"
        },
        {
            "user_id": "915cc5f8cca6466aba6c6be06cbabfdf",
            "links": {
                "self": "http://example.com/identity/v3/credentials/352d5dd7a4aa19c4f2f23ee288bf65dc23a0bc293f40ffd2128ffe6a8cf3e871"
            },
            "blob": "{\"access\": \"817c6c3487a440c1a0b1d3f92b30ca37\", \"secret\": \"47d681117d1c46e69a0c9ec811dae2e9\", \"trust_id\": null}",
            "project_id": "2bf9767f9db949ee8364262a28a23062",
            "type": "ec2",
            "id": "352d5dd7a4aa19c4f2f23ee288bf65dc23a0bc293f40ffd2128ffe6a8cf3e871"
        },
        {
            "user_id": "bb5476fd12884539b41d5a88f838d773",
            "links": {
                "self": "http://example.com/identity/v3/credentials/3d3367228f9c7665266604462ec60029bcd83ad89614021a80b2eb879c572510"
            },
            "blob": "{\"access\":\"181920\",\"secret\":\"secretKey\"}",
            "project_id": "731fc6f265cd486d900f16e84c5cb594",
            "type": "ec2",
            "id": "3d3367228f9c7665266604462ec60029bcd83ad89614021a80b2eb879c572510"
        },
        {
            "user_id": "bb5476fd12884539b41d5a88f838d773",
            "links": {
                "self": "http://example.com/identity/v3/credentials/6b7d803fc03b85866904b6b79e0a8fa1f4013b584163b4477eed96717eb402c0"
            },
            "blob": "{\"access\": \"f2ba45670b504a518b46e920d760fde2\", \"secret\": \"bf7fff2b3a844730b2db793411756e55\", \"trust_id\": null}",
            "project_id": "731fc6f265cd486d900f16e84c5cb594",
            "type": "ec2",
            "id": "6b7d803fc03b85866904b6b79e0a8fa1f4013b584163b4477eed96717eb402c0"
        },
        {
            "user_id": "2b657f6742ac416697e6821b3b2ee785",
            "links": {
                "self": "http://example.com/identity/v3/credentials/7d391b869631e5c4836708ea3bb3e0a5cbe0481201b5f0ddd5685ad3b3faa564"
            },
            "blob": "{\"access\": \"a1525da4e7c0438ebf3058372d637b59\", \"secret\": \"c9165d2542b141e8b2a1ff61a5f5487c\", \"trust_id\": null}",
            "project_id": "2bf9767f9db949ee8364262a28a23062",
            "type": "ec2",
            "id": "7d391b869631e5c4836708ea3bb3e0a5cbe0481201b5f0ddd5685ad3b3faa564"
        },
        {
            "user_id": "bb5476fd12884539b41d5a88f838d773",
            "links": {
                "self": "http://example.com/identity/v3/credentials/7ef4faa904ae7b8b4ddc7bad15b05ee359dad7d7a9b82861d4ad92fdbbb2eb4e"
            },
            "blob": "{\"access\": \"7d7559359b57419eb5f5f5dcd65ab57d\", \"secret\": \"570652bcf8c2483c86eb29e9734eed3c\", \"trust_id\": null}",
            "project_id": "731fc6f265cd486d900f16e84c5cb594",
            "type": "ec2",
            "id": "7ef4faa904ae7b8b4ddc7bad15b05ee359dad7d7a9b82861d4ad92fdbbb2eb4e"
        },
        {
            "user_id": "aedb193e9bb8400485f8d8426f7a031f",
            "links": {
                "self": "http://example.com/identity/v3/credentials/9c1c428d8e0e8338a5e16489ecfff9962f2b00f984ce4c7e9015e4003f478df8"
            },
            "blob": "{\"access\": \"b3a6e5f4427c47e9b202264d91a19e49\", \"secret\": \"d9eb470f503f4b46932de38db7a79402\", \"trust_id\": null}",
            "project_id": "a2672ecf9dd34c6980448b25a47e0947",
            "type": "ec2",
            "id": "9c1c428d8e0e8338a5e16489ecfff9962f2b00f984ce4c7e9015e4003f478df8"
        },
        {
            "user_id": "c14107e65d5c4a7f8894fc4b3fc209ff",
            "links": {
                "self": "http://example.com/identity/v3/credentials/e2c35ac2becb0fca3c3c2f035692a4f46a9cbf3b6e86c8a47f5aafe837d78a05"
            },
            "blob": "{\"access\": \"1ed843b1bd4a409f9562400085adbaa4\", \"secret\": \"236ab24db1f04ec995fcf618ed4fc0f5\", \"trust_id\": null}",
            "project_id": "6e01855f345f4c59812999b5e459137d",
            "type": "ec2",
            "id": "e2c35ac2becb0fca3c3c2f035692a4f46a9cbf3b6e86c8a47f5aafe837d78a05"
        }
    ],
    "links": {
        "self": "http://example.com/identity/v3/credentials",
        "previous": null,
        "next": null
    }
}
