{
    "credential": {
        "user_id": "bb5476fd12884539b41d5a88f838d773",
        "links": {
            "self": "http://example.com/identity/v3/credentials/207e9b76935efc03804d3dd6ab52d22e9b22a0711e4ada4ff8b76165a07311d7"
        },
        "blob": "{\"access\": \"a42a27755ce6442596b049bd7dd8a563\", \"secret\": \"71faf1d40bb24c82b479b1c6fbbd9f0c\", \"trust_id\": null}",
        "project_id": "6e01855f345f4c59812999b5e459137d",
        "type": "ec2",
        "id": "207e9b76935efc03804d3dd6ab52d22e9b22a0711e4ada4ff8b76165a07311d7"
    }
}
