{
    "roles": [
        {
            "id": "123456",
            "links": {
                "self": "http://example.com/identity/v3/roles/123456"
            },
            "name": "admin"
        },
        {
            "id": "123457",
            "links": {
                "self": "http://example.com/identity/v3/roles/123457"
            },
            "name": "manager"
        }
    ],
    "links": {
        "self": "http://example.com/identity/v3/domains/161718/groups/101112/roles",
        "previous": null,
        "next": null
    }
}
