{
    "links": {
        "self": "http://example.com/identity/v3/groups",
        "previous": null,
        "next": null
    },
    "groups": [
        {
            "description": "non-admin group",
            "domain_id": "default",
            "id": "96372bbb152f475aa37e9a76a25a029c",
            "links": {
                "self": "http://example.com/identity/v3/groups/96372bbb152f475aa37e9a76a25a029c"
            },
            "name": "nonadmins"
        },
        {
            "description": "openstack admin group",
            "domain_id": "default",
            "id": "9ce0ad4e58a84d7a97b92f7955d10c92",
            "links": {
                "self": "http://example.com/identity/v3/groups/9ce0ad4e58a84d7a97b92f7955d10c92"
            },
            "name": "admins"
        }
    ]
}
