{
    "limit": {
        "resource_name": "snapshot",
        "region_id": "RegionOne",
        "links": {
            "self": "http://10.3.150.25/identity/v3/limits/3229b3849f584faea483d6851f7aab05"
        },
        "service_id": "9408080f1970482aa0e38bc2d4ea34b7",
        "project_id": "3a705b9f56bb439381b43c4fe59dccce",
        "domain_id": null,
        "id": "3229b3849f584faea483d6851f7aab05",
        "resource_limit": 5,
        "description": "Number of snapshots for project 3a705b9f56bb439381b43c4fe59dccce"
    }
}
