{
    "links": {
        "next": null,
        "previous": null,
        "self": "http://example.com/identity/v3/policies"
    },
    "policies": [
        {
            "blob": {
                "foobar_user": [
                    "role:compute-user"
                ]
            },
            "id": "717273",
            "links": {
                "self": "http://example.com/identity/v3/policies/717273"
            },
            "type": "application/json"
        },
        {
            "blob": {
                "foobar_user": [
                    "role:compute-user"
                ]
            },
            "id": "717274",
            "links": {
                "self": "http://example.com/identity/v3/policies/717274"
            },
            "type": "application/json"
        }
    ]
}
