{
    "groups": [
        {
            "description": "Developers cleared for work on all general projects",
            "domain_id": "1789d1",
            "id": "ea167b",
            "links": {
                "self": "https://example.com/identity/v3/groups/ea167b"
            },
            "membership_expires_at": null,
            "name": "Developers"
        },
        {
            "description": "Developers cleared for work on secret projects",
            "domain_id": "1789d1",
            "id": "a62db1",
            "links": {
                "self": "https://example.com/identity/v3/groups/a62db1"
            },
            "membership_expires_at": "2016-11-06T15:32:17.000000",
            "name": "Secure Developers"
        }
    ],
    "links": {
        "self": "http://example.com/identity/v3/users/9fe1d3/groups",
        "previous": null,
        "next": null
    }
}
